{"cameraMode":{"drawMode":0,"name":"Shaded","section":"Shading Mode"},"sceneLighting":true,"audioPlay":false,"sceneViewState":{"m_AlwaysRefresh":false,"showFog":true,"showSkybox":true,"showFlares":true,"showImageEffects":true,"showParticleSystems":true,"showVisualEffectGraphs":true,"m_FxEnabled":true},"in2DMode":false,"pivot":{"x":24.10319709777832,"y":13.467591285705567,"z":-0.9351417422294617},"rotation":{"x":0.19296333193778993,"y":0.6753807067871094,"z":-0.1899712234735489,"w":0.6859967112541199},"size":5.8239240646362309,"orthographic":false}