{"cameraMode":{"drawMode":0,"name":"Shaded","section":"Shading Mode"},"sceneLighting":true,"audioPlay":false,"sceneViewState":{"m_AlwaysRefresh":false,"showFog":true,"showSkybox":true,"showFlares":true,"showImageEffects":true,"showParticleSystems":true,"showVisualEffectGraphs":true,"m_FxEnabled":true},"in2DMode":false,"pivot":{"x":1.0953900814056397,"y":1.7740464210510255,"z":0.4158138036727905},"rotation":{"x":0.2961931526660919,"y":0.12304437160491944,"z":-0.03859226033091545,"w":0.9464487433433533},"size":10.59067153930664,"orthographic":false}